P-521,p521_mlkem1024,mlkem1024,p521_hqc256,hqc256
14.13,18.94,8.04,52.3,41.93
12.44,16.07,7.26,49.35,39.63
11.88,15.87,7.01,49.48,41.75
11.78,16.04,6.95,49.16,39.87
12.04,16.04,6.79,49.25,39.72
12.02,16.06,7.01,48.97,40.19
11.84,16.07,6.95,49.28,39.66
11.96,16.23,6.88,49.38,39.97
11.97,16.39,6.89,49.14,39.49
11.95,15.89,6.87,49.54,39.84
12.05,15.76,6.83,49.26,39.98
12.26,16.03,6.89,49.05,39.91
11.91,15.91,6.82,49.18,39.82
12.07,16.14,6.87,49.11,39.91
11.8,15.97,6.95,49.36,40.38
11.85,16.02,7.0,49.0,39.78
11.89,16.11,6.89,49.37,39.83
11.9,15.97,6.86,49.57,39.73
12.05,16.08,6.91,49.61,39.7
11.89,16.0,6.89,49.23,39.72
12.25,16.04,6.82,49.04,39.66
11.78,16.05,6.86,49.15,39.99
11.92,15.95,6.84,49.33,40.17
12.01,16.08,6.92,49.04,39.69
11.92,16.13,6.85,49.2,40.08
11.98,15.96,6.88,49.04,39.95
11.98,16.07,6.9,49.44,39.84
11.98,16.09,6.83,49.41,40.03
11.94,15.98,6.9,49.04,39.76
11.95,16.09,6.88,49.44,39.84
12.32,16.02,7.03,49.1,40.37
11.9,15.87,6.85,49.25,39.58
12.04,15.88,6.95,49.12,40.26
11.98,16.08,6.78,49.1,39.88
11.89,15.95,6.89,49.27,40.06
11.99,16.11,6.9,48.92,39.6
11.98,16.03,6.87,49.48,40.41
12.01,16.13,6.76,49.07,39.52
11.87,16.0,6.88,49.17,40.24
11.89,15.9,6.83,49.02,39.58
11.82,16.02,6.88,49.29,39.89
11.87,16.02,6.94,49.01,39.75
11.94,15.97,6.84,49.33,41.03
11.85,16.0,6.87,49.04,42.45
11.95,16.03,6.84,49.24,42.51
11.95,16.03,6.77,49.16,42.78
12.01,16.15,6.88,49.17,42.47
12.0,16.01,6.82,49.12,42.7
11.98,15.89,6.89,49.2,42.79
12.03,16.05,6.83,49.43,42.81
12.03,16.18,6.84,48.92,42.76
11.9,16.0,6.92,49.06,42.25
11.91,16.09,6.83,48.87,39.39
11.95,15.93,6.84,48.61,41.41
11.93,16.04,6.9,49.13,42.13
12.46,16.08,6.79,49.12,39.43
11.93,16.0,6.88,49.03,39.92
12.16,16.04,6.95,49.1,39.42
12.28,15.93,6.87,48.66,39.97
12.05,16.05,6.83,48.78,40.35
11.9,16.06,7.05,48.91,39.48
11.91,16.04,6.86,48.59,39.67
11.93,16.15,6.8,48.51,39.77
11.92,15.89,7.03,48.81,41.7
11.98,16.03,6.87,48.85,44.53
12.02,15.96,6.88,48.61,43.85
11.89,16.15,6.9,48.97,43.96
11.97,16.02,6.91,49.17,43.84
11.87,15.97,6.76,49.12,43.96
12.47,16.5,6.91,48.91,43.37
11.8,15.94,6.81,48.7,44.4
11.93,16.12,6.89,48.8,44.22
11.96,15.99,6.88,48.92,43.91
12.13,15.99,6.95,49.08,44.0
11.78,16.04,6.79,48.95,44.03
11.8,15.9,7.02,48.88,39.55
11.93,16.17,6.81,48.77,40.61
12.15,16.12,6.79,48.83,39.79
11.94,15.88,6.83,48.98,40.07
11.78,15.88,6.85,48.88,40.7
11.96,16.06,6.77,48.88,39.63
11.9,16.09,6.91,49.27,40.06
11.9,16.11,6.82,48.99,39.32
11.93,15.98,6.89,49.05,39.79
11.79,15.96,6.89,49.16,39.69
12.5,15.96,6.81,48.87,39.5
11.8,16.12,6.87,50.95,39.51
11.89,15.99,6.85,48.97,39.87
11.77,16.08,6.9,49.08,39.56
11.91,15.89,6.82,49.12,39.59
11.86,16.0,6.96,48.89,39.36
11.81,15.95,7.03,49.22,39.82
11.91,16.04,6.89,48.91,39.77
11.94,15.98,6.88,49.2,39.5
11.96,16.22,6.73,49.02,39.5
11.9,16.0,6.9,48.68,39.59
11.89,16.22,6.84,48.85,39.58
11.85,16.12,6.84,48.85,39.58
11.83,16.08,6.84,49.02,39.78
11.86,15.84,6.91,49.0,39.62
12.0,15.88,6.79,49.12,39.78
11.87,15.82,6.92,49.09,39.87
11.92,16.02,6.8,48.88,39.77
11.95,15.83,6.84,49.3,42.35
11.81,16.06,6.89,49.26,40.06
11.86,16.02,6.76,49.02,40.05
11.95,16.07,6.97,48.75,39.8
12.01,15.92,6.84,48.81,39.82
11.98,16.5,6.91,48.88,42.62
11.9,16.03,6.86,48.98,39.7
11.83,15.93,6.87,49.27,40.63
11.87,15.97,6.84,48.9,39.9
11.93,16.03,6.87,48.84,39.84
11.93,16.33,6.78,49.34,39.94
11.86,16.0,6.8,49.46,39.75
11.82,15.84,7.01,49.39,39.7
11.94,15.99,6.89,49.04,39.79
11.91,15.76,6.76,49.16,39.68
11.91,16.02,7.0,49.29,39.66
11.96,16.01,6.95,49.38,40.07
11.97,16.02,6.77,49.5,40.09
11.85,16.0,6.99,49.24,39.92
11.98,16.01,6.8,49.12,39.85
11.99,15.88,6.87,49.58,40.19
11.96,16.04,6.83,49.04,39.78
11.93,16.07,6.79,49.24,39.73
12.01,16.03,6.89,49.26,39.88
11.94,15.82,6.84,49.3,39.62
11.93,15.96,6.83,49.11,39.71
11.74,15.93,6.9,49.24,39.85
11.85,15.97,6.88,49.2,41.02
11.88,16.06,6.88,49.14,44.06
12.0,16.05,6.88,49.09,44.21
11.87,16.08,6.79,49.29,44.16
11.84,16.21,6.94,49.21,43.81
11.88,16.0,6.82,49.89,43.78
11.91,15.98,6.8,49.57,43.26
11.94,16.0,6.84,49.24,43.67
11.91,15.88,6.81,49.42,43.54
11.99,15.98,7.06,49.19,40.98
12.02,15.89,6.79,48.95,40.34
11.94,15.86,6.84,49.14,40.24
11.87,16.06,6.88,49.23,40.38
11.92,15.94,6.82,49.33,40.04
11.95,15.95,6.81,49.27,39.74
11.89,15.86,6.88,49.16,39.62
12.0,16.04,6.75,49.21,40.31
11.79,15.86,6.87,49.22,39.86
11.91,16.04,6.75,49.28,39.63
11.77,16.03,6.86,49.24,40.41
11.96,15.92,6.77,48.9,39.81
11.85,15.92,6.88,49.32,39.74
11.78,15.89,7.03,49.06,39.57
12.03,15.84,6.96,48.94,40.06
11.98,16.14,6.87,49.27,39.75
11.89,16.05,6.86,48.86,41.25
11.93,16.01,6.86,49.06,39.81
11.89,15.99,6.85,48.98,39.73
11.85,16.01,6.98,49.32,40.07
11.97,15.85,6.88,48.86,39.79
11.9,16.13,6.88,48.84,40.62
11.86,15.89,6.99,48.74,40.11
11.94,15.83,6.97,48.73,39.81
11.91,15.82,6.82,48.76,40.12
11.75,15.93,7.01,48.95,39.76
11.84,15.9,6.9,48.88,39.78
11.9,16.02,6.78,48.62,39.87
11.77,16.01,6.91,49.06,39.97
12.02,15.99,6.84,49.29,40.15
11.91,16.05,6.83,49.42,40.16
12.05,16.07,6.9,48.89,40.03
11.86,16.34,6.93,48.72,40.03
12.01,15.96,6.94,48.63,39.94
11.94,15.83,6.89,49.52,40.02
11.8,15.88,6.91,48.99,40.02
12.0,15.94,6.79,48.92,39.72
11.79,15.95,7.02,48.85,39.86
11.89,15.97,6.99,48.95,40.16
11.83,15.95,6.95,48.9,39.92
11.85,16.01,7.01,48.79,39.81
11.98,16.03,6.82,48.83,39.39
11.88,15.95,6.8,48.67,39.68
11.8,16.06,7.14,48.79,39.55
11.9,15.93,6.83,48.87,39.58
11.99,15.97,6.96,49.0,40.04
12.03,15.81,7.05,48.65,39.55
11.8,15.78,6.81,48.77,39.69
11.98,15.74,6.9,48.95,39.53
12.11,16.11,6.92,48.87,39.67
11.78,15.77,6.88,48.75,39.53
11.97,15.9,6.94,48.91,39.66
11.89,15.84,7.0,48.62,39.64
11.93,16.05,6.95,48.57,39.75
11.95,15.98,6.88,48.67,39.59
11.96,15.99,6.94,48.95,39.44
11.93,15.91,6.88,48.78,39.88
11.8,15.99,6.94,48.8,39.72
12.03,15.99,6.88,48.85,39.66
11.83,16.05,6.83,48.88,39.38
11.93,16.11,6.98,48.87,39.55
11.96,15.91,6.88,48.81,39.73
11.79,15.93,6.88,49.28,39.6
11.77,16.12,6.9,50.68,39.61
11.89,15.94,6.83,48.84,39.56
11.9,15.97,6.91,49.17,39.78
11.93,16.02,6.83,49.25,39.86
11.88,15.84,6.96,49.23,39.6
11.82,15.98,6.79,49.06,39.62
11.93,16.04,6.9,49.09,39.67
11.97,16.07,6.73,49.0,39.55
11.9,15.93,6.78,49.5,39.48
11.85,15.86,6.94,49.27,39.59
12.02,15.89,6.92,49.21,39.59
11.8,15.79,6.9,49.34,39.39
12.04,15.92,7.12,49.03,39.63
11.91,15.98,6.82,49.15,39.42
12.1,15.99,6.96,49.25,39.71
11.7,15.89,6.89,49.12,39.76
12.01,15.92,6.8,49.0,39.62
11.88,16.07,6.97,49.04,39.83
11.86,16.16,6.96,49.25,39.45
11.99,15.88,6.9,49.2,39.75
11.79,16.0,6.94,49.42,39.6
11.94,15.96,6.88,49.4,39.66
11.97,16.09,6.88,48.96,41.59
11.79,16.03,7.01,49.24,40.59
11.79,15.95,6.97,49.52,40.01
11.86,15.92,6.86,49.1,39.68
11.83,16.07,6.94,49.14,40.85
11.81,18.51,6.92,48.99,39.68
11.73,15.95,7.01,49.17,39.74
11.79,15.95,6.89,48.91,39.74
11.92,15.91,6.91,49.15,43.32
11.98,15.99,6.86,49.19,44.16
11.86,16.04,6.96,49.09,44.04
11.81,15.87,6.85,49.48,43.73
12.09,16.07,6.92,49.65,44.03
11.88,16.0,6.9,49.45,44.16
12.08,15.9,6.84,49.24,44.35
11.92,16.0,6.78,49.09,44.1
11.95,16.0,7.02,49.15,44.13
12.13,15.9,6.87,49.68,44.22
11.86,15.93,6.92,49.02,43.72
12.05,15.87,6.91,49.17,42.39
11.84,15.93,6.89,49.08,39.98
11.99,15.91,6.9,49.12,40.08
11.88,16.25,7.0,49.08,39.9
11.94,16.22,6.94,49.26,40.13
11.81,16.09,6.79,48.88,39.85
11.87,16.02,6.91,48.92,39.66
11.97,16.1,6.81,50.97,39.92
11.83,15.85,6.82,51.52,39.87
11.93,16.27,6.99,49.88,40.01
11.97,15.95,6.75,50.04,39.83
11.99,15.91,6.88,50.01,40.05
11.85,15.94,6.92,49.03,40.01
11.85,16.11,6.94,49.15,39.73
11.81,15.88,6.85,49.43,39.95
11.9,15.98,6.97,49.19,39.73
11.9,15.96,6.83,49.05,39.71
11.91,15.97,6.79,49.3,40.48
11.9,15.97,6.93,49.11,39.69
11.91,15.89,6.83,49.07,39.82
11.95,15.93,6.78,48.97,39.81
11.86,15.88,6.84,48.87,39.78
11.9,15.87,6.89,54.72,39.84
11.95,16.01,6.87,49.0,39.85
11.96,15.98,6.95,48.91,39.93
11.9,15.89,6.87,48.94,40.19
11.92,15.93,6.89,48.79,39.78
11.93,16.13,6.85,48.59,39.76
11.96,15.96,6.98,48.75,40.01
11.93,15.96,6.85,48.78,39.92
11.91,15.97,6.87,48.78,39.97
11.84,16.14,6.88,48.56,39.83
11.94,16.12,6.83,48.72,39.82
11.9,16.02,6.89,48.83,40.13
11.95,15.99,6.82,48.7,39.71
11.87,15.88,6.91,48.66,39.8
12.03,16.02,6.92,48.7,40.13
11.93,16.12,6.96,48.65,39.76
11.8,15.93,6.94,48.95,39.8
12.02,16.16,6.87,48.93,40.26
12.01,16.01,6.98,48.81,39.79
12.07,16.08,6.88,48.69,39.98
11.91,15.97,6.84,48.63,39.8
11.84,16.06,6.99,48.73,39.87
12.78,15.98,6.89,48.9,39.84
12.99,16.1,6.95,48.86,39.73
11.96,16.05,6.93,48.5,40.15
12.03,16.14,6.95,48.9,39.57
12.01,16.03,6.86,48.6,39.61
12.1,16.19,6.92,48.88,39.87
11.94,15.89,6.88,48.67,39.77
11.79,16.2,6.86,50.21,40.15
12.01,15.96,6.92,50.93,40.17
11.9,16.04,6.9,145.19,40.14
11.98,16.09,6.89,125.34,39.76
11.92,16.09,7.03,134.4,39.62
11.9,15.95,6.9,134.76,39.94
11.94,16.11,6.99,134.46,39.93
12.09,15.93,7.01,118.85,39.77
11.97,15.95,6.96,58.37,39.7
12.02,16.03,6.93,52.91,39.74
12.1,15.98,6.98,53.66,39.91
11.96,15.94,6.88,52.65,39.81
12.0,16.16,6.92,55.13,39.76
11.9,16.0,7.01,54.29,39.89
11.97,16.11,6.91,52.88,39.73
12.05,16.06,6.97,55.24,39.76
12.13,16.66,6.85,54.53,40.06
12.01,16.04,6.92,55.73,41.37
11.93,15.96,6.86,55.42,39.97
11.88,16.1,6.98,56.02,39.77
11.93,16.01,6.87,54.9,39.95
11.96,16.05,6.91,53.53,39.89
11.99,16.13,6.96,53.15,39.62
11.92,16.03,6.83,54.77,39.48
11.85,16.0,6.92,54.5,39.58
12.01,16.0,6.82,55.38,39.72
11.95,15.93,6.89,52.88,40.6
11.88,15.96,6.96,52.63,39.65
11.93,16.09,6.96,55.59,39.94
11.88,15.94,6.87,55.55,39.6
12.0,16.13,6.94,55.7,39.76
12.02,15.93,6.97,55.11,39.51
12.01,15.9,6.84,55.88,39.65
11.91,15.97,6.95,55.81,39.56
11.95,15.97,6.99,55.14,39.57
12.05,16.05,6.91,53.92,39.63
11.88,16.08,6.89,54.09,40.29
11.93,16.02,6.95,53.75,39.66
11.99,16.15,6.83,56.0,39.6
11.9,16.05,7.01,54.87,39.65
12.09,16.07,6.82,56.34,39.73
12.01,16.06,6.84,55.85,39.77
11.86,15.99,6.83,55.21,40.36
12.02,16.03,6.95,55.84,40.02
11.89,16.08,6.83,53.5,39.78
11.82,16.04,6.91,53.04,39.78
12.17,16.01,6.83,54.9,39.66
11.91,15.96,6.92,54.7,39.59
11.98,16.09,6.92,55.68,39.48
11.98,16.22,6.9,55.56,39.75
11.85,16.07,6.95,54.98,39.98
11.89,16.02,6.97,55.59,39.47
11.92,16.0,6.77,55.99,39.76
11.95,16.04,6.86,54.62,39.49
11.9,16.03,6.91,53.02,39.82
12.0,16.03,6.86,55.49,39.64
11.97,16.01,6.76,57.03,39.88
11.99,16.03,6.76,56.09,39.63
11.86,16.11,6.9,55.65,39.85
11.84,16.08,7.2,55.26,39.42
12.05,16.12,7.18,56.3,39.66
12.05,15.95,7.18,54.92,39.5
12.11,16.06,6.89,56.19,39.66
11.82,16.04,6.83,56.07,39.74
11.98,16.02,6.91,51.56,39.84
12.06,16.6,6.86,165.14,39.92
12.04,16.17,6.9,59.24,39.49
12.11,15.91,6.88,53.55,39.78
11.9,16.23,6.94,51.72,39.72
11.94,16.05,6.87,51.82,39.5
12.09,16.17,6.96,51.46,39.38
11.94,15.93,6.8,51.05,39.54
11.9,16.03,6.8,98.61,39.52
12.0,15.96,6.96,125.76,39.47
11.91,16.09,6.88,94.95,39.72
11.89,16.09,6.92,67.09,39.55
11.83,15.96,6.75,51.63,39.67
11.91,16.0,6.89,51.44,39.82
11.96,15.96,6.78,51.51,39.67
11.89,16.01,6.92,51.62,39.53
12.0,15.98,6.99,51.96,39.7
11.72,16.12,6.79,52.03,39.55
12.08,15.96,6.86,52.21,39.64
11.84,15.93,7.0,53.38,39.74
11.97,16.04,6.92,60.3,39.7
11.99,15.83,6.9,67.42,39.58
11.93,16.0,6.96,53.52,39.5
12.05,16.15,6.82,51.32,39.43
11.96,16.07,6.91,51.29,39.57
11.98,16.03,6.79,50.95,39.7
11.98,16.08,6.87,50.74,39.67
11.9,16.01,6.76,49.2,39.74
12.03,16.16,6.88,48.81,39.69
11.92,16.2,6.89,48.78,39.59
12.08,16.04,6.78,48.05,39.68
11.96,15.96,6.93,48.25,39.93
12.02,16.04,6.85,48.27,40.24
11.89,15.79,6.78,48.37,39.51
11.8,16.01,7.0,48.09,39.78
11.86,16.07,6.73,47.94,39.77
11.84,16.08,6.89,48.59,39.78
11.87,15.92,6.97,48.12,39.72
12.63,17.24,6.77,48.12,40.01
11.98,18.39,6.86,47.92,39.86
11.82,15.97,6.95,48.38,40.07
11.9,16.07,6.82,49.11,39.74
11.89,16.07,6.8,50.1,40.03
11.96,16.05,6.9,51.0,40.02
12.05,16.03,6.88,50.93,40.0
11.87,16.07,6.82,50.72,39.92
12.0,16.03,6.87,50.91,40.17
11.93,16.0,6.77,49.21,40.0
11.88,15.94,6.89,48.67,40.13
12.09,16.1,6.78,48.55,39.77
11.87,16.34,6.83,51.59,40.24
11.9,15.89,6.86,51.81,39.92
11.93,16.13,6.81,52.12,40.13
11.87,15.94,6.8,52.07,39.93
12.04,16.11,6.8,51.98,39.75
11.84,16.1,6.85,51.88,39.73
11.98,15.98,6.82,52.05,40.22
11.92,16.04,6.82,52.16,39.74
11.98,16.03,6.85,52.33,39.72
11.92,16.04,6.91,53.85,39.95
11.98,15.93,6.82,53.14,39.73
11.91,16.0,6.82,51.88,39.81
11.87,15.78,6.83,49.0,39.7
11.89,15.88,6.89,49.22,39.74
11.98,15.77,6.94,49.3,40.92
11.88,15.97,8.99,48.73,40.18
11.9,16.02,6.89,48.32,39.85
11.93,15.78,6.92,48.39,39.83
11.8,16.45,6.99,48.37,39.78
11.98,16.03,6.91,48.53,39.76
11.75,16.05,6.88,48.32,40.25
11.93,15.98,6.83,48.58,39.87
11.76,15.84,6.87,48.0,39.77
11.76,15.95,6.85,49.15,39.86
11.97,16.0,6.92,48.59,39.92
11.9,15.98,6.83,48.14,39.82
11.84,16.07,6.86,48.48,39.85
11.92,15.77,6.87,48.46,39.78
11.75,15.93,6.88,48.35,39.85
12.2,16.02,6.79,48.82,39.8
12.01,15.87,7.48,48.96,40.47
11.76,15.95,6.83,48.89,39.74
11.86,15.8,6.93,48.82,39.99
11.93,15.89,6.85,48.47,39.82
11.73,15.84,6.88,49.02,39.83
11.88,15.93,6.8,49.09,40.12
11.98,15.89,6.98,48.4,40.31
11.74,16.03,6.83,48.7,39.83
12.01,15.94,6.81,48.43,39.59
11.95,16.06,7.02,48.83,40.19
11.84,16.08,6.83,48.79,40.15
11.81,16.03,6.82,48.59,40.14
11.8,15.94,6.83,49.03,40.06
12.05,16.02,6.88,48.67,40.31
11.93,16.02,6.97,49.05,39.94
11.7,15.99,6.8,48.51,39.92
11.92,15.99,7.0,49.02,40.45
11.79,15.83,6.92,49.38,39.89
11.86,15.97,6.87,48.54,39.73
11.93,15.79,6.91,48.81,40.03
11.86,15.88,6.81,48.72,39.82
11.88,15.88,6.86,48.53,39.86
11.95,15.98,6.92,48.62,39.97
11.87,15.97,6.81,48.94,39.74
11.88,16.02,6.9,48.61,39.51
11.87,15.77,6.85,49.11,39.65
11.87,15.88,6.84,48.9,39.5
11.89,15.9,7.01,48.98,39.45
11.87,15.9,6.81,49.02,39.58
11.9,15.97,6.94,49.1,39.73
11.93,15.91,6.89,49.07,39.65
11.99,15.86,6.9,48.81,39.94
11.96,16.0,6.83,48.71,39.91
12.07,15.98,6.89,48.91,39.69
11.96,16.54,6.78,48.94,39.57
11.95,15.86,6.84,48.68,39.55
11.99,16.03,6.83,48.64,39.69
11.99,16.01,6.9,48.58,39.55
12.05,15.93,6.81,48.88,39.58
12.04,15.94,6.89,48.55,39.68
11.76,16.23,6.84,48.3,39.53
11.88,15.97,6.79,48.5,39.61
11.89,16.03,6.84,49.07,39.41
11.83,16.14,6.8,48.37,40.19
11.76,15.9,6.85,48.92,39.61
11.94,15.99,6.76,48.63,39.47
11.85,15.91,6.88,48.75,39.6
11.93,15.87,6.8,48.83,39.54
11.91,15.96,6.9,49.38,39.61
12.01,15.98,6.86,48.61,40.12
11.9,16.07,6.83,49.18,39.57
11.91,15.9,6.81,48.76,39.52
11.96,16.03,6.92,48.9,39.59
11.94,16.01,6.88,49.13,39.55
12.06,16.02,6.76,48.86,40.08
11.92,15.87,6.9,48.59,39.39
12.07,15.94,6.88,49.32,39.41
11.87,15.84,6.77,48.66,39.48
12.06,16.11,7.05,48.91,39.61
11.98,15.84,6.86,49.48,39.77
12.0,15.96,6.8,49.1,39.92
11.99,15.97,7.01,48.86,39.48
11.85,16.06,7.03,49.02,39.55
11.93,15.8,6.91,49.09,39.44
11.85,16.08,7.0,48.9,39.57
11.82,15.99,6.79,48.34,39.54
11.76,15.91,6.84,48.58,39.6
11.84,15.88,6.93,48.57,39.76
11.78,15.94,6.9,48.72,39.57
11.89,15.9,6.89,49.1,39.48
11.94,15.85,6.88,48.15,39.64
11.85,15.79,6.76,48.6,39.75
11.86,15.94,6.96,48.95,39.54
11.93,15.77,6.93,48.52,39.57
11.86,16.13,6.93,48.45,39.48
11.92,15.99,6.87,48.33,39.61
11.73,15.87,6.94,48.59,39.69
11.86,16.3,6.76,48.62,39.95
11.94,16.49,6.93,49.2,39.87
11.78,16.39,6.95,48.82,39.64
11.91,16.63,6.85,48.75,39.79
11.9,15.86,6.94,48.5,39.59
11.92,15.98,6.83,48.77,39.59
11.9,16.0,6.88,48.48,39.65
11.8,15.88,6.78,48.47,39.71
11.88,16.09,6.96,48.85,39.62
11.93,16.06,6.82,48.49,39.59
12.04,16.07,6.87,48.46,39.59
11.88,15.98,6.75,48.45,39.79
12.09,15.85,6.91,48.39,39.58
11.81,15.83,6.83,48.31,39.91
11.85,15.93,6.86,48.76,39.81
11.93,15.96,6.79,48.46,40.22
11.86,15.86,6.92,48.41,39.75
11.71,16.05,6.96,48.39,39.96
11.9,16.0,6.79,48.72,39.89
12.0,16.0,6.96,48.62,40.06
11.78,15.92,6.79,49.01,39.87
12.04,16.02,7.02,48.96,39.88
11.9,16.02,6.78,48.81,39.87
11.89,16.02,6.8,48.9,39.84
12.01,16.12,6.85,48.51,40.15
12.1,15.88,6.79,48.4,39.82
11.98,15.8,6.93,48.32,39.9
11.91,15.79,6.81,48.56,39.8
12.02,15.98,6.94,48.48,39.64
11.93,15.94,6.8,48.6,40.67
11.8,15.88,6.91,48.42,39.6
12.03,15.93,6.97,48.75,39.93
11.98,15.96,6.8,48.59,39.97
11.94,16.03,6.92,48.77,39.76
11.98,15.87,6.82,49.3,40.63
11.87,16.0,6.97,48.78,39.79
12.0,15.99,6.89,48.62,40.17
11.79,16.05,6.82,48.54,39.83
11.97,16.04,6.85,48.3,39.74
11.85,16.08,6.91,48.56,39.83
11.77,15.98,6.88,48.69,39.96
11.99,15.95,6.93,48.24,39.9
11.85,16.04,7.01,48.69,40.01
11.88,16.05,6.78,48.53,39.8
12.04,16.02,6.89,49.06,39.94
11.78,16.01,6.93,48.54,39.9
11.94,16.01,6.83,48.81,39.78
11.82,15.87,6.75,48.63,39.87
11.99,16.1,7.04,898542.95,39.74
11.76,16.15,6.83,48.79,40.0
11.94,16.03,6.9,48.55,39.86
11.96,15.93,6.84,49.01,39.86
11.73,16.0,6.83,48.53,40.5
11.99,16.04,6.84,48.93,39.68
11.85,15.97,6.97,48.8,40.14
11.87,16.72,6.72,48.76,40.23
11.98,16.04,6.89,49.59,39.84
11.86,16.07,6.92,48.68,40.0
11.98,16.07,6.8,49.23,40.23
11.94,16.13,6.78,48.77,40.03
11.85,15.97,6.94,48.73,40.0
11.87,16.1,6.78,49.19,39.82
11.96,16.06,6.8,49.15,40.01
12.0,16.05,6.83,48.92,40.03
11.98,16.09,6.77,49.16,39.94
11.91,16.09,6.9,48.73,39.95
11.8,16.07,6.99,48.91,39.71
11.83,16.11,6.86,48.89,39.88
11.88,16.07,6.9,48.64,40.46
11.98,16.14,6.76,48.58,40.3
11.93,16.06,6.87,48.67,40.07
12.03,15.98,6.81,49.05,39.98
11.8,16.08,7.4,49.37,41.99
11.99,15.94,7.01,49.12,42.09
12.05,15.88,6.78,48.81,39.62
11.86,15.98,6.82,48.74,39.54
12.08,15.88,6.98,48.83,39.61
11.85,15.98,6.86,49.04,40.91
11.93,16.03,6.87,48.95,40.23
11.95,16.14,6.77,48.6,39.79
11.92,16.07,7.08,48.95,39.44
11.94,16.07,6.79,48.84,39.57
11.84,15.99,7.02,48.43,39.75
11.86,16.09,6.8,48.67,39.55
11.85,16.11,6.76,48.63,39.53
11.98,16.0,6.92,49.52,39.66
11.84,15.85,6.79,48.82,39.61
11.99,16.02,6.88,48.74,39.82
11.88,15.96,6.88,48.45,39.51
12.01,16.14,6.9,48.78,39.74
11.96,16.26,6.83,49.41,39.85
11.98,16.11,6.89,49.09,39.62
12.0,16.12,6.81,49.02,39.75
11.83,16.09,6.81,49.17,39.5
11.82,16.04,6.84,49.1,39.55
12.06,16.19,6.77,49.18,39.39
11.88,15.99,6.77,49.21,39.84
12.01,16.15,7.05,49.3,39.57
12.02,15.91,6.8,48.95,39.37
11.94,16.03,6.94,48.7,39.47
12.1,16.08,6.83,48.86,39.55
11.99,16.02,6.87,48.37,39.67
11.85,16.01,6.83,48.68,39.52
11.89,16.09,7.0,48.8,39.7
11.93,16.29,6.87,48.68,39.44
12.02,15.98,7.08,48.61,39.63
11.84,16.03,7.03,48.57,40.05
11.89,16.2,6.89,48.98,40.27
11.88,16.02,6.95,48.49,39.8
11.98,15.97,6.92,48.72,39.6
11.9,16.38,6.95,48.61,39.99
11.94,15.99,6.87,48.65,39.75
11.98,16.03,7.0,48.62,39.71
12.03,15.99,6.83,48.51,40.11
12.0,16.02,6.93,48.21,39.67
11.87,15.98,6.88,48.78,39.43
11.82,15.93,6.8,48.94,39.66
12.05,16.29,6.86,48.3,39.63
11.98,15.96,6.93,48.45,39.76
11.89,16.03,6.84,48.34,39.96
11.99,16.03,6.88,48.44,39.56
11.88,15.94,6.93,48.92,39.56
12.29,16.08,6.86,48.54,39.88
11.99,15.98,6.91,48.61,41.09
12.49,15.94,6.95,48.65,40.75
12.01,16.1,6.9,48.34,39.84
11.86,16.09,6.9,48.7,39.73
11.96,15.93,6.99,48.39,39.86
11.81,15.93,7.09,48.84,39.75
11.97,15.99,6.94,48.59,40.01
12.58,15.99,6.96,48.53,39.72
11.94,16.21,6.94,48.69,39.88
11.93,16.07,6.89,49.15,40.11
11.94,16.07,7.03,48.59,39.73
11.88,16.23,6.82,48.58,40.07
11.8,15.98,6.92,48.33,39.83
11.96,16.0,6.89,48.35,40.1
12.06,16.01,6.95,48.8,39.99
11.79,16.03,6.83,48.64,39.74
11.89,16.14,6.91,48.28,39.67
12.0,16.03,6.88,48.68,39.69
11.84,16.11,6.86,48.67,40.24
11.94,15.94,6.95,48.78,39.69
11.97,16.09,6.89,48.44,39.83
11.92,16.12,6.9,48.64,39.78
12.0,16.07,6.87,48.9,39.93
11.91,16.0,6.92,48.88,39.82
11.91,16.0,6.9,48.94,40.72
12.0,16.04,6.89,49.04,39.7
12.38,15.99,6.95,49.1,39.82
12.04,16.59,6.92,48.7,40.14
11.97,15.9,7.13,49.29,39.86
12.02,16.04,6.91,48.83,40.05
12.04,16.1,6.95,49.02,39.94
11.91,16.01,6.87,49.23,40.34
11.84,16.12,6.96,49.3,40.19
12.02,15.99,6.95,48.77,40.1
11.78,16.12,6.79,48.86,40.2
11.94,15.94,6.88,48.78,39.8
11.92,16.16,6.86,49.03,40.0
12.04,16.56,6.86,48.89,40.88
11.97,15.92,6.85,48.86,40.71
11.97,16.01,6.87,48.87,41.08
11.97,16.02,6.94,49.45,40.18
12.01,16.07,6.99,48.81,40.12
11.97,16.16,6.86,49.12,40.04
12.0,15.95,6.87,49.06,40.27
11.99,16.08,7.01,49.24,40.33
11.98,15.9,6.75,48.78,40.17
11.92,16.58,6.8,48.7,39.91
11.96,15.83,7.03,48.83,39.97
11.99,16.05,6.82,49.05,39.83
12.09,15.99,6.93,48.84,39.88
11.88,16.02,6.91,49.12,39.98
12.13,16.07,6.88,48.65,39.77
12.12,16.0,6.88,48.93,39.73
11.92,16.11,6.87,49.16,39.84
11.85,15.97,6.92,49.08,39.8
11.92,16.08,6.83,49.49,39.95
12.01,16.05,6.84,48.89,39.7
11.97,15.88,6.86,48.87,39.81
11.95,15.98,6.77,48.81,39.72
11.86,16.13,6.8,48.77,39.84
12.01,16.05,6.77,48.92,39.74
11.97,15.94,6.89,48.97,39.76
11.96,15.98,6.93,49.01,39.7
11.94,15.97,6.93,49.02,39.53
12.0,16.0,6.82,48.85,39.58
11.96,15.99,7.01,48.84,39.67
12.0,15.94,7.05,49.34,39.8
11.86,15.87,6.95,48.79,40.31
12.09,15.79,7.0,48.88,40.01
11.9,15.89,6.88,48.86,39.88
11.95,16.1,6.87,48.74,39.86
11.95,15.97,6.88,49.17,39.68
12.01,15.84,6.89,48.78,39.77
12.02,15.92,6.87,49.02,40.17
11.99,15.97,6.96,48.88,39.47
11.92,15.85,6.83,48.88,39.67
12.12,15.89,6.77,48.85,39.62
11.96,16.0,6.97,48.81,39.54
11.81,16.08,6.86,49.14,39.75
11.97,15.81,6.86,48.82,40.0
11.88,15.98,6.9,49.02,40.19
11.93,15.9,6.84,48.74,39.48
11.83,15.92,6.8,48.65,39.76
11.99,16.06,6.91,49.17,39.6
11.98,15.86,6.94,48.86,39.98
11.94,15.88,6.79,48.68,39.63
11.82,15.97,6.92,48.62,39.54
11.99,15.95,6.76,49.02,39.43
12.01,15.97,6.95,48.95,39.54
11.77,15.88,6.78,49.03,39.65
11.94,15.98,6.83,49.2,39.57
12.02,16.06,6.82,48.84,39.6
11.84,16.08,6.88,48.45,39.52
11.95,16.03,6.88,48.43,39.75
12.01,16.07,7.01,48.67,39.75
11.87,15.92,6.85,48.72,39.81
11.89,15.8,6.93,48.78,39.97
11.98,16.09,6.86,48.61,39.88
11.93,16.02,6.98,48.26,39.58
11.97,16.01,6.84,48.44,39.88
11.97,15.84,6.96,48.77,39.55
11.9,15.99,6.9,49.05,39.72
12.05,16.01,6.88,48.54,39.86
11.87,15.89,6.82,48.59,39.57
11.87,16.0,6.92,48.54,39.38
11.91,15.76,6.94,48.62,39.4
12.09,16.09,6.95,48.69,39.57
11.85,15.89,6.82,48.8,39.67
11.85,15.97,7.0,48.77,40.13
11.99,15.94,6.84,48.62,39.56
11.91,16.05,6.8,48.82,39.79
11.93,15.98,6.93,48.5,39.58
11.84,15.88,6.8,48.55,39.37
11.99,16.0,6.89,48.55,39.67
11.84,15.84,6.92,48.58,39.61
11.98,15.95,6.88,48.96,39.56
11.95,15.99,6.77,48.52,39.63
11.84,15.97,6.87,48.44,40.31
12.03,15.97,6.82,48.4,39.76
11.94,16.02,6.93,48.7,39.62
12.01,15.97,6.89,48.84,39.95
11.89,15.92,6.84,48.66,40.36
11.91,15.89,6.98,48.57,40.09
12.04,15.94,6.94,48.51,40.19
11.87,16.02,6.94,48.78,39.76
11.77,16.16,6.88,48.68,40.02
11.91,15.92,7.06,48.71,39.58
12.17,15.91,6.89,48.61,39.99
11.78,15.94,6.96,48.5,39.66
11.96,15.94,7.02,48.63,39.89
12.0,15.8,6.9,48.63,40.05
11.83,15.95,6.86,48.39,39.76
11.88,16.08,6.98,48.63,39.56
11.96,15.91,6.91,48.59,40.69
12.01,16.05,6.84,48.45,40.0
11.92,15.86,6.89,48.63,39.95
11.94,16.08,6.93,48.36,40.46
11.97,15.83,6.93,48.53,39.78
11.97,16.1,6.99,48.45,39.75
11.89,15.95,6.8,48.41,39.71
12.04,15.94,6.86,48.7,39.71
11.97,15.97,7.92,48.74,40.08
11.99,15.85,6.87,48.62,39.7
11.91,16.1,6.86,48.64,39.56
11.96,16.08,6.9,48.59,40.44
12.04,15.91,6.87,48.89,39.7
11.95,15.99,6.92,48.58,39.56
12.52,15.88,6.85,48.78,39.6
12.1,16.02,6.85,48.55,39.74
11.87,15.96,6.85,48.65,39.84
11.95,16.04,6.83,48.51,39.67
12.13,15.97,6.76,48.57,39.85
11.8,15.94,6.9,48.48,39.96
11.83,15.97,6.77,48.43,39.66
12.01,16.05,6.89,48.41,40.29
11.89,16.05,6.83,49.16,39.68
11.77,16.04,6.97,48.67,40.01
11.95,15.93,6.88,48.89,39.55
11.98,15.99,6.92,48.7,39.73
12.0,15.85,6.9,48.62,39.7
11.88,16.06,6.92,48.59,39.85
11.89,15.88,6.85,48.75,39.62
11.97,15.97,6.86,48.69,39.82
12.02,15.92,6.95,48.9,39.71
12.08,15.9,6.88,48.96,40.21
11.91,16.53,6.81,48.86,40.25
11.93,15.84,6.97,48.82,39.91
11.99,15.96,6.9,48.82,39.89
11.95,16.06,6.91,48.69,39.73
12.05,15.97,6.99,48.68,39.97
11.94,15.93,6.95,48.55,40.35
11.95,15.97,6.96,48.74,39.79
12.07,15.88,6.95,48.78,39.85
11.84,15.9,6.83,48.64,39.72
11.98,15.98,6.92,48.76,39.83
11.86,16.03,7.05,48.77,40.05
11.91,15.87,6.83,48.88,39.85
11.85,16.02,6.99,48.89,39.8
11.87,16.09,6.97,48.88,39.63
11.96,16.0,6.9,48.77,39.75
11.93,16.07,6.83,48.66,39.69
11.88,15.96,7.02,49.36,39.81
11.86,16.3,6.82,49.08,39.71
11.92,16.16,6.81,48.97,39.79
11.97,15.94,6.88,49.02,39.86
11.86,15.96,6.85,49.27,39.93
11.86,16.02,6.77,48.79,39.77
11.98,16.09,6.87,48.98,39.72
11.91,16.03,6.84,48.94,39.58
11.99,15.97,6.91,49.75,39.69
11.93,15.93,6.97,48.84,39.52
11.82,16.0,6.9,49.04,39.58
11.9,16.1,6.84,48.95,39.38
11.88,16.06,7.05,49.03,39.66
12.01,16.03,6.88,48.86,39.84
11.95,16.18,6.9,48.86,39.4
11.81,16.16,6.96,49.02,39.58
11.96,15.96,6.91,49.08,39.81
11.88,16.05,6.92,49.57,39.61
11.79,15.99,6.96,49.16,39.59
11.97,16.14,6.86,49.48,39.53
11.88,16.25,6.82,48.92,39.41
11.87,15.97,6.78,50.49,39.37
11.9,15.88,6.82,49.34,39.68
11.72,16.1,6.85,50.18,39.51
11.79,15.97,6.89,49.05,39.62
11.92,16.13,6.89,49.37,39.53
12.02,16.04,6.8,48.9,40.18
11.95,16.17,6.81,48.91,39.49
11.89,16.57,6.76,51.3,39.56
11.96,16.08,6.87,53.29,39.88
11.82,15.89,6.84,52.66,39.59
12.0,16.05,6.94,52.52,39.52
11.76,16.07,6.96,52.63,39.56
12.07,16.1,6.81,52.4,39.54
11.77,15.91,6.81,51.55,39.66
11.86,16.01,6.82,49.78,39.51
12.03,16.13,6.75,49.1,40.13
11.99,16.14,6.86,49.3,39.92
11.81,16.11,6.85,48.67,39.65
11.89,15.94,6.82,48.76,39.73
12.01,15.96,6.93,48.71,39.42
11.87,16.02,6.84,48.83,39.72
11.78,16.02,6.91,48.89,39.53
11.86,16.17,6.91,48.77,39.6
11.87,15.98,6.92,48.65,39.63
11.88,16.07,7.02,48.47,39.58
12.17,16.04,6.88,48.8,39.6
12.16,16.11,6.87,48.59,39.47
12.11,16.06,6.97,49.02,39.64
12.21,16.02,6.93,48.56,39.73
12.68,15.94,6.81,48.83,39.6
12.12,16.07,6.88,48.85,39.69
13.08,16.03,6.93,49.66,39.59
14.3,16.17,6.9,48.8,39.38
13.1,15.97,6.9,49.12,39.58
12.6,15.9,7.04,48.56,39.57
12.91,16.07,6.77,49.8,39.63
14.07,16.37,6.96,48.79,39.55
16.45,16.45,6.89,48.67,39.62
13.35,16.04,6.86,48.87,39.7
14.94,16.01,6.83,48.41,39.43
12.41,16.0,7.14,48.89,39.51
12.88,16.07,6.8,49.27,39.63
12.56,16.03,6.91,48.84,39.59
11.99,15.99,6.95,49.05,39.6
11.96,16.24,6.81,48.48,39.55
12.05,16.04,6.96,49.0,39.55
11.93,16.1,6.93,48.5,39.65
11.86,16.12,6.87,48.98,39.56
11.98,16.01,6.8,48.64,39.69
11.97,15.99,6.89,49.09,39.43
11.95,16.0,6.8,48.86,39.82
12.3,16.14,6.91,48.68,39.49
11.77,16.05,6.91,48.94,39.45
11.91,16.02,6.96,48.84,39.57
11.84,16.0,6.82,49.19,39.6
11.9,16.19,7.02,48.77,39.45
11.88,16.11,6.81,49.03,39.55
11.9,16.07,6.85,48.92,39.59
12.38,15.92,6.98,48.93,39.43
11.96,16.04,6.88,48.94,39.74
11.94,16.12,6.88,48.68,40.15
11.88,15.9,6.77,49.99,39.84
11.99,15.97,6.88,49.49,39.99
12.58,16.02,6.91,53.84,39.63
13.51,16.13,6.83,53.49,39.67
12.37,16.12,6.86,49.27,39.67
11.93,16.07,6.81,49.3,39.7
11.91,16.08,6.82,50.23,39.75
12.02,16.09,6.86,49.42,40.11
11.87,16.01,6.87,48.59,39.9
11.94,16.02,6.79,48.76,39.91
11.95,16.02,6.9,48.58,39.97
11.75,16.16,6.88,51.21,39.72
11.91,16.25,7.01,50.89,39.75
11.85,16.04,6.86,49.11,39.93
12.09,16.07,6.93,48.64,39.66
11.91,16.1,6.87,49.1,39.69
11.97,16.02,6.9,48.63,39.8
12.01,15.99,6.94,48.92,39.74
11.84,15.92,6.93,48.72,39.72
11.8,16.26,6.83,48.86,40.06
11.97,16.06,6.79,49.8,39.65
11.79,16.02,6.86,48.77,39.76
12.58,16.03,6.86,48.71,39.93
11.8,16.08,6.77,49.18,39.77
11.89,15.99,6.94,48.78,39.58
11.86,16.13,6.86,48.62,39.83
12.0,16.0,6.88,48.78,39.78
11.88,16.15,6.8,48.9,39.88
11.85,16.37,6.94,48.8,39.68
11.94,16.17,6.92,50.37,39.67
11.81,16.1,6.86,50.64,39.78
11.92,15.95,6.94,49.38,39.66
11.91,15.98,6.88,48.95,40.04
11.92,16.4,6.92,49.03,39.57
11.93,16.05,6.87,48.95,39.62
11.85,16.13,6.88,49.04,39.68
12.41,15.95,6.8,48.96,39.66
12.42,16.21,6.87,48.94,39.98
11.84,15.97,6.88,49.32,39.56
11.97,15.95,6.79,48.99,39.68
11.89,16.02,7.03,48.85,39.87
11.86,16.11,6.85,48.84,39.84
11.99,16.16,6.88,48.98,39.84
11.83,16.29,6.95,48.74,39.75
12.01,16.04,6.9,48.84,39.8
12.3,16.06,6.9,48.86,39.77
12.14,16.05,6.95,48.76,39.97
12.29,16.16,6.88,48.73,39.67
12.55,16.18,6.79,48.8,40.05
12.45,16.0,6.94,48.8,39.79
12.3,16.11,6.77,49.01,39.81
12.23,16.13,6.91,49.01,39.76
12.31,16.02,7.08,48.89,39.93
12.42,15.94,6.83,48.95,39.69
12.41,16.01,6.76,48.89,39.69
12.62,16.45,6.83,48.74,39.83
12.67,15.97,6.86,48.95,39.75
12.43,16.02,6.85,48.94,39.64
12.27,15.85,6.98,49.05,39.77
12.37,15.91,6.81,48.93,40.19
12.37,15.97,6.86,48.98,40.28
12.43,16.01,6.85,49.34,39.76
11.98,15.88,6.89,49.36,39.82
11.92,16.14,6.92,49.21,39.9
11.95,16.03,6.82,48.89,39.82
11.87,15.9,6.88,48.93,40.22
11.93,16.02,6.76,48.84,39.63
11.79,15.9,6.96,48.85,39.65
11.85,15.99,6.76,48.69,40.1
11.88,15.89,6.86,49.08,39.84
11.83,15.97,6.86,48.75,39.54
11.87,15.94,6.84,48.56,39.75
11.85,15.84,6.9,48.88,39.61
11.8,16.02,6.82,48.99,39.49
11.8,15.82,6.93,48.75,39.55
11.86,16.01,6.91,48.97,39.8
11.84,16.01,6.76,48.65,39.55
11.84,15.91,6.97,48.55,39.58
11.9,15.9,6.82,48.48,39.38
11.82,15.97,6.95,48.76,39.62
11.74,16.06,6.87,48.61,39.57
11.91,16.61,7.18,48.9,39.65
11.91,15.98,6.91,48.83,39.54
11.93,16.01,6.99,48.8,40.22
11.85,15.99,6.89,48.71,39.82
11.76,15.86,6.91,48.78,39.51
11.84,15.98,6.81,48.79,39.62
11.73,15.89,6.96,49.27,39.61
11.78,15.92,6.82,48.97,39.52
11.71,16.14,6.97,49.44,39.57
11.82,15.9,6.81,48.74,39.51
11.73,16.02,6.87,48.49,39.61
11.85,15.99,6.83,48.52,39.79
11.84,16.13,6.76,48.73,39.49
11.76,16.04,6.92,48.66,39.45
11.87,15.96,6.99,48.48,39.35
11.84,16.04,6.88,48.9,40.14
11.87,16.25,6.88,48.57,40.16
12.03,15.95,6.88,48.7,39.61
12.52,15.92,6.83,48.7,39.45
13.22,15.93,6.84,49.14,39.48
12.5,15.99,6.78,48.95,39.61
12.38,15.9,6.89,48.86,39.52
12.66,15.97,6.91,48.7,39.52
12.66,15.9,6.95,48.66,39.59
13.28,16.11,6.91,48.74,39.61
12.86,15.99,6.92,48.7,39.49
13.16,15.95,6.91,48.87,39.5
12.49,16.0,6.85,48.78,39.47
12.0,15.9,6.82,49.31,39.67
12.12,15.93,7.01,48.93,39.58
12.06,15.83,6.79,48.89,39.6
12.15,16.04,6.8,48.83,39.73
12.12,16.05,7.05,48.75,39.45
11.96,15.95,6.9,48.65,40.16
11.87,16.06,6.78,48.74,42.76
11.84,16.01,6.88,48.78,42.87
11.9,16.07,6.75,48.83,41.46
11.97,15.94,6.87,48.7,41.03
11.97,16.01,6.99,48.95,40.46
12.06,15.87,6.8,48.66,40.74
12.13,15.96,6.89,48.81,39.81
11.94,15.92,6.89,48.65,39.46
11.98,16.03,6.79,49.17,40.24
12.05,15.99,6.94,48.87,40.4
12.15,15.99,6.83,49.59,39.35
11.93,15.97,6.8,49.28,39.57
11.84,16.0,6.92,49.65,39.53
12.02,15.98,6.73,48.96,39.44
12.01,15.95,6.85,48.94,39.5
11.99,15.97,6.82,48.85,39.61
12.04,16.03,6.83,53.63,39.55
11.93,15.87,6.82,48.97,39.6
11.92,16.03,6.9,48.8,39.55
11.8,15.87,6.91,49.1,39.51
11.96,15.93,6.8,48.89,39.64
11.89,15.88,6.88,48.96,39.84
11.87,15.93,6.91,49.01,39.56
11.92,16.0,6.8,49.03,39.5
11.93,16.14,6.89,49.02,39.73
11.92,15.92,6.93,49.51,39.87
11.89,15.97,6.83,50.37,39.96
11.96,16.01,6.88,49.11,40.06
11.85,16.13,6.74,49.02,39.96
11.92,16.0,6.89,49.09,39.77
11.9,15.87,6.84,49.11,40.14
11.79,15.97,6.77,49.1,39.7
11.9,16.01,6.8,49.11,39.8
12.01,15.87,6.8,49.23,39.99
11.8,16.04,6.86,49.05,39.73
11.92,15.93,6.92,49.04,39.77
11.88,16.0,6.94,49.11,39.78
11.93,16.05,6.8,49.23,39.66
12.01,16.06,6.97,48.86,39.75
12.17,15.83,6.88,49.08,39.69
12.02,15.93,6.8,48.96,39.87
11.98,16.02,6.91,48.92,39.67
11.8,15.88,6.88,49.02,39.72
11.97,15.96,6.89,48.91,39.58
11.82,16.01,7.01,48.98,39.79
11.95,15.92,6.76,49.0,39.88
11.9,15.89,6.86,48.91,39.72
11.94,15.99,6.94,49.06,39.72
11.9,15.83,6.9,49.06,39.86
12.32,16.54,6.88,48.87,39.7
11.98,15.77,6.92,49.06,39.83
12.08,15.97,6.91,49.11,39.86
11.98,15.99,6.8,49.0,40.26
11.91,16.0,6.8,49.02,39.51
11.91,15.89,6.79,48.77,40.0
12.0,15.94,6.88,48.79,39.87
12.02,15.98,6.86,48.75,39.69
11.99,15.98,6.87,48.79,39.78
11.9,16.21,6.89,48.73,39.79
12.04,16.51,6.88,48.97,39.8
12.05,15.93,6.86,48.8,39.72
12.0,15.93,6.83,49.0,39.72
12.05,16.07,6.81,48.92,39.7
11.95,15.96,6.83,49.24,40.35
11.99,15.99,6.85,48.63,39.55
12.0,16.14,6.89,48.66,39.75
12.01,15.84,6.85,48.87,39.76
11.94,15.96,6.83,48.59,39.82
11.86,16.03,6.81,48.71,39.78
12.05,15.91,6.84,48.84,40.23
11.95,15.91,6.81,48.79,39.64
11.95,15.98,6.92,48.58,39.74
11.9,16.12,6.87,48.55,40.31
11.79,15.93,6.8,48.81,39.84
11.96,15.91,6.86,48.7,39.83
11.94,16.0,6.81,49.4,39.77
11.88,16.05,6.86,48.64,39.84
11.92,16.0,6.77,48.75,39.86
12.06,16.13,6.91,48.66,39.85
11.98,15.96,6.79,48.5,40.14
11.95,16.08,6.91,48.87,39.59
11.88,16.14,6.84,48.61,40.05
11.93,16.13,6.93,49.11,39.8
11.98,16.02,6.9,49.02,39.7
11.88,15.89,6.86,49.0,39.95
11.95,16.02,6.96,48.83,39.86
12.1,16.14,6.79,49.0,40.47
11.99,16.03,6.96,48.72,39.8
11.99,15.96,6.78,49.18,39.69
11.94,15.99,6.86,48.64,39.76
12.04,15.98,6.94,48.66,39.69
11.92,16.09,6.86,49.14,39.72
11.77,16.15,6.88,48.77,39.5
11.98,16.03,6.86,48.51,39.65
11.82,15.97,6.84,49.63,39.52
11.98,16.52,6.9,48.83,39.51
11.9,16.07,6.83,48.67,39.54
11.97,16.07,6.86,48.61,39.61
11.98,16.03,6.81,49.52,39.8
11.89,16.1,6.89,48.87,39.48
11.93,15.95,6.87,49.04,39.71
11.93,16.04,6.89,48.87,39.82
12.02,16.06,6.78,49.0,39.48
11.95,16.2,6.79,49.17,39.57
11.97,16.11,6.82,49.06,39.6
11.86,15.86,6.89,48.86,39.69
11.95,16.0,6.76,49.04,39.83
11.84,15.97,6.85,49.16,39.77
12.02,16.09,6.88,48.94,39.54
12.03,16.02,6.94,49.17,39.84
11.95,16.08,6.81,48.97,39.6
11.92,15.88,7.0,48.91,39.68
12.03,17.6,6.85,46.6,39.51
11.85,22.66,6.91,49.27,39.48
12.03,21.08,6.78,49.12,39.49
12.0,17.68,6.88,49.02,39.63
11.92,17.18,6.86,49.14,39.55
12.01,17.32,6.9,49.51,39.57
11.85,18.03,6.73,48.9,39.84
11.94,18.38,6.84,48.91,39.48
11.95,16.73,6.87,48.92,39.49
11.84,16.51,6.82,49.26,39.58
11.94,16.68,6.84,48.93,39.68
11.93,16.47,6.76,49.0,39.63
11.85,16.37,6.81,49.52,39.58
11.99,16.52,6.87,48.85,39.62
11.92,16.46,6.75,49.34,39.49
11.96,16.24,6.92,49.22,39.43
11.96,16.22,6.99,49.07,39.59
12.07,16.34,6.84,49.08,39.42
11.98,16.35,6.86,49.05,39.62
11.95,16.27,6.79,49.06,39.61
11.96,16.59,6.79,48.9,39.78
11.95,16.47,6.88,49.51,39.55
11.77,16.1,6.85,48.91,39.57
11.91,16.08,6.84,49.21,39.68
11.94,15.97,7.01,48.97,39.56
11.94,16.07,6.76,48.98,39.97
12.03,16.17,6.85,49.99,39.84
11.89,16.23,6.86,49.17,39.56
11.83,16.05,6.86,49.18,39.52
11.85,16.08,6.9,49.01,39.62
11.98,16.19,6.83,49.14,39.41
11.89,15.98,6.78,49.18,39.73
11.99,16.05,6.81,49.03,39.51
11.92,16.08,6.89,49.16,39.52
11.86,16.28,6.87,49.14,39.57
11.88,16.17,6.82,49.11,39.58
11.88,16.01,6.82,49.11,39.66
11.9,15.99,6.88,48.97,39.77
12.01,16.17,7.43,48.8,39.47
11.79,16.23,6.97,49.08,39.78
11.94,15.95,6.79,49.01,39.74
11.97,15.85,6.88,49.48,39.76
11.76,16.18,6.99,49.23,39.8
12.0,16.09,6.85,49.1,39.68
11.77,16.35,6.86,49.15,39.89
12.06,15.97,6.99,48.73,39.77
11.85,15.99,6.86,48.71,39.64
11.85,16.23,6.94,48.85,39.74
11.92,16.23,6.86,49.09,39.71
11.76,15.96,6.8,48.74,40.23
11.85,16.1,6.8,48.66,39.72
11.76,16.02,7.0,48.7,39.72
11.94,16.23,6.81,48.89,39.7
11.9,16.25,6.83,48.78,39.88
11.88,16.25,6.87,48.66,39.88
11.91,16.08,6.88,48.73,39.77
11.91,16.05,7.01,48.85,39.57
11.74,16.03,6.76,48.74,39.73
11.84,16.09,6.88,48.56,39.82
11.83,16.09,6.8,48.81,39.78
11.91,16.0,6.85,48.78,39.76
12.28,16.06,6.86,48.9,39.8
12.0,16.05,6.97,48.75,39.89
11.92,15.97,6.81,48.77,40.34
11.93,16.2,6.89,48.7,39.73
11.94,16.65,6.9,48.64,39.79
11.87,16.13,7.43,48.68,39.91
11.96,16.13,6.83,49.05,39.86
11.99,15.98,6.9,48.7,39.79
12.38,15.99,6.85,49.22,39.92
11.99,16.43,6.94,48.75,39.77
11.92,16.03,6.89,48.7,39.55
11.91,16.04,7.0,48.67,40.29
11.95,16.17,6.88,48.95,39.77
11.84,16.07,6.96,48.92,39.91
11.94,16.03,6.89,48.75,39.71
11.86,16.08,6.95,48.67,39.71
11.89,16.24,6.88,48.98,39.74
11.92,16.05,7.12,48.86,39.87
11.85,16.07,6.91,49.35,39.95
11.96,15.93,6.95,48.8,39.8
11.77,16.06,6.82,48.84,40.0
11.9,15.96,7.08,49.31,39.58
11.88,16.03,6.96,49.0,39.63
11.8,16.01,6.93,48.9,39.73
11.95,16.1,7.01,48.73,39.94
12.0,15.81,6.85,48.87,39.52
11.77,15.91,6.93,48.66,39.7
12.03,16.13,6.93,48.78,40.0
11.85,16.08,6.83,48.77,39.82
11.91,15.99,6.9,48.89,40.11
11.81,15.89,6.92,49.23,39.78
12.02,15.98,6.95,48.74,39.91
12.01,15.98,6.97,48.74,39.6
11.84,15.99,7.05,48.68,39.9
11.99,16.3,6.92,49.22,40.02
11.74,15.98,6.83,48.6,39.78
11.88,16.01,6.86,48.82,39.68
11.75,16.1,6.87,48.73,39.8
11.87,15.98,6.78,49.38,39.75
11.95,16.04,6.92,48.68,39.54
11.95,15.89,6.85,49.13,39.63
11.7,15.81,6.76,49.13,39.47
11.84,16.25,6.93,49.2,39.64
11.94,16.0,6.83,49.0,40.52
11.94,16.11,6.77,48.84,41.14
11.93,15.78,7.03,49.12,39.67
11.93,15.96,6.87,49.03,39.76
11.96,16.09,6.96,49.11,39.86
11.77,16.07,6.86,49.0,39.7
11.79,15.98,6.91,49.26,39.53
11.9,16.05,6.79,49.16,39.58
11.98,15.92,7.03,49.1,39.65
11.8,16.09,6.8,48.96,39.88
11.87,16.03,6.87,48.82,39.81
11.93,15.99,6.91,49.12,39.57
11.83,16.55,6.87,49.11,39.49
11.98,16.04,6.83,49.26,39.58
11.81,16.05,6.97,49.06,39.5
11.98,15.96,6.81,49.07,39.54
11.84,16.0,6.97,49.12,39.79
11.84,15.96,6.82,49.33,39.57
11.88,15.96,6.77,49.0,39.42
11.85,15.99,6.9,48.91,39.5
11.93,15.84,6.84,49.13,39.61
11.9,16.0,6.88,49.19,39.86
11.85,15.9,6.81,49.17,39.55
11.89,16.04,6.87,48.92,39.72
11.98,15.92,6.93,48.96,39.53
11.92,15.94,6.87,49.06,39.58
12.04,16.02,6.84,49.02,39.43
11.78,16.1,6.79,49.01,40.21
11.94,16.05,6.86,48.81,39.53
11.98,16.07,6.78,49.02,39.67
11.76,15.88,7.49,49.04,39.48
12.0,15.95,6.87,48.98,39.8
11.95,15.94,6.93,48.85,39.84
11.87,15.99,6.84,49.03,39.39
11.97,15.99,6.98,49.03,39.56
11.8,16.03,6.82,49.01,40.23
11.89,16.08,6.88,49.14,39.59
11.79,16.08,6.87,49.2,39.59
11.92,16.03,6.91,48.91,39.55
11.89,16.02,6.79,49.02,39.51
11.79,15.94,6.95,49.14,39.42
11.92,15.93,6.86,49.04,39.47
11.9,16.11,6.87,48.86,39.56
11.94,16.01,6.87,48.79,39.47
11.93,15.96,6.82,49.5,39.69
11.85,15.92,7.0,48.98,39.83
11.94,16.1,7.0,49.06,39.68
11.95,16.09,6.89,48.89,39.68
11.77,15.97,7.0,49.13,39.42
11.92,15.94,6.89,48.66,39.75
11.98,16.0,6.91,48.69,39.76
11.83,15.99,7.06,48.74,39.49
11.88,15.96,6.86,48.57,39.69
11.84,15.98,6.87,48.78,39.9
12.03,16.05,7.0,48.71,39.64
11.82,15.97,6.97,48.82,39.73
11.82,15.87,6.89,48.82,39.64
11.97,16.07,7.0,48.77,39.62
12.3,15.85,6.84,48.78,39.68
11.89,16.09,6.9,48.91,40.26
11.88,15.99,6.9,48.81,39.85
11.93,16.0,6.92,49.17,39.7
11.83,16.06,6.81,48.64,39.85
11.9,15.86,7.09,48.86,39.72
11.86,15.99,6.85,48.89,39.75
11.76,15.89,6.83,48.79,39.86
11.78,15.85,7.02,48.75,39.92
12.15,16.0,6.78,48.67,39.88
11.97,16.05,6.88,48.73,39.86
11.76,15.79,6.87,48.78,39.66
11.81,16.13,6.9,48.75,39.8
11.98,16.01,6.81,48.87,39.98
11.93,16.05,6.96,48.85,39.95
12.01,15.93,6.88,48.73,39.91
11.91,15.82,6.91,48.75,39.88
12.16,15.8,6.93,48.69,40.08
11.78,15.87,6.85,49.27,40.02
11.98,16.02,6.93,48.9,40.09
12.01,15.85,6.93,49.13,40.32
11.93,15.98,6.81,48.63,39.88
12.09,15.91,6.91,48.72,40.02
11.78,15.97,6.77,48.64,39.81
11.84,16.03,6.9,48.93,40.13
12.05,15.87,6.81,49.2,39.85
11.86,15.88,6.93,48.86,40.05
11.89,16.11,6.91,48.97,39.8
11.97,15.9,6.79,49.12,39.83
11.88,16.02,6.89,49.02,39.76
11.92,16.03,6.79,48.95,40.17
11.96,15.82,6.89,48.79,40.13
11.98,16.06,6.76,48.92,39.93
11.92,15.96,6.89,48.69,40.08
11.94,16.1,6.83,48.85,39.75
12.0,15.99,6.89,48.84,39.85
11.99,15.83,6.86,49.27,39.81
11.92,16.06,6.9,49.02,39.82
11.96,15.97,6.92,48.65,39.74
12.04,15.99,6.95,48.56,40.43
12.44,16.02,7.0,48.63,39.93
11.97,15.95,6.89,48.66,39.89
12.05,16.15,6.79,49.06,39.86
11.93,15.99,6.91,49.22,39.74
11.95,16.02,6.89,48.95,39.74
11.92,16.13,6.94,48.88,39.66
12.08,15.9,6.91,49.06,40.35
12.0,16.03,6.88,48.95,39.65
12.01,16.04,6.89,48.97,39.76
11.96,16.15,6.93,49.0,39.74
11.94,16.12,6.81,49.04,39.78
11.81,16.05,6.97,49.62,39.73
11.84,16.07,6.82,49.05,39.71
11.87,16.1,6.86,48.91,39.82
11.97,15.98,6.87,49.32,40.03
11.95,15.99,6.89,49.01,39.84
11.95,15.97,6.93,48.99,39.56
11.9,16.22,6.89,49.69,39.63
11.93,16.01,6.87,49.07,39.68
11.99,16.01,6.94,49.04,39.7
11.97,15.97,6.93,48.89,39.56
11.95,15.98,6.84,48.86,39.61
12.03,16.18,7.1,49.39,39.62
12.01,15.97,6.82,48.93,39.59
12.07,16.0,6.77,49.08,39.68
12.01,15.99,6.86,48.98,39.52
11.96,16.01,6.92,49.29,39.6
12.02,16.03,6.91,49.08,39.63
11.83,16.12,6.85,49.21,39.57
12.11,16.03,6.96,49.07,39.6
11.97,16.03,6.83,49.1,40.37
11.96,16.08,7.03,48.89,39.85
12.11,16.25,6.87,49.19,39.63
11.91,16.02,6.95,49.07,39.75
11.9,16.01,6.8,48.94,39.69
11.95,15.93,6.91,49.71,39.82
12.03,15.9,6.8,48.97,39.54
11.87,16.08,6.81,49.59,39.64
11.96,15.93,7.0,48.99,39.6
11.94,15.91,6.97,48.93,39.86
11.91,16.11,6.88,49.2,39.61
11.89,16.07,6.77,49.03,39.49
11.97,16.11,6.92,49.16,39.7
11.84,15.9,6.79,49.24,39.63
11.95,15.95,7.04,49.08,39.5
11.94,16.0,6.78,48.87,39.73
11.94,15.99,6.88,49.56,39.59
12.04,16.14,6.96,49.06,40.02
11.8,16.04,6.79,49.38,39.57
11.99,16.06,6.92,48.94,39.64
11.85,16.09,6.85,48.94,39.61
11.88,16.09,6.91,48.85,39.55
12.02,16.1,6.85,49.13,39.86
11.95,15.97,6.92,49.23,39.83
12.06,16.18,6.82,49.04,39.62
11.84,16.14,6.95,49.15,39.63
11.86,16.0,6.91,49.05,39.51
12.03,16.08,6.84,48.87,39.88
11.85,16.13,7.08,48.83,39.66
11.91,16.0,6.9,48.79,39.66
11.92,16.11,6.81,48.86,39.61
11.93,16.03,6.98,48.74,39.62
11.83,16.13,6.79,48.84,39.58
11.87,16.05,6.79,48.83,39.82
11.99,15.97,6.91,49.32,39.98
11.86,16.13,6.78,48.98,39.66
11.96,15.99,6.83,48.92,39.83
12.09,16.4,6.91,48.74,39.69
11.94,16.15,6.8,48.74,39.43
12.01,16.14,6.92,48.77,39.77
12.04,16.07,6.82,48.67,39.58
11.85,16.01,6.94,49.05,39.59
11.92,16.04,7.05,48.91,39.76
11.9,15.9,7.04,48.95,39.57
11.85,16.01,6.83,48.5,39.69
12.05,15.92,6.9,48.79,39.75
11.85,16.0,6.84,48.74,39.69
12.0,16.04,6.93,48.87,39.74
11.98,15.95,6.85,48.56,39.92
11.9,16.02,6.98,48.63,39.81
12.06,15.91,6.84,48.8,39.94
11.94,16.1,6.95,48.73,39.68
12.32,16.04,6.85,48.94,39.76
11.91,16.06,6.91,48.78,39.97
11.76,16.0,7.06,48.66,39.76
11.96,16.08,6.85,48.73,39.65
11.98,16.05,6.93,48.61,40.58
11.87,15.9,6.95,49.01,39.99
11.93,16.21,6.88,49.1,39.9
11.93,15.97,6.91,48.91,39.85
11.97,16.1,6.97,48.76,39.87
11.96,16.15,6.94,48.8,39.77
11.98,15.96,6.8,48.76,39.59
11.95,16.21,6.99,48.77,40.09
12.03,16.08,6.91,48.89,39.72
12.0,15.97,6.88,48.62,39.85
11.86,15.91,6.86,48.73,39.96
12.03,15.87,6.89,48.79,39.84
12.05,16.27,6.84,48.76,39.77
11.93,16.23,6.84,48.74,39.91
11.9,16.08,6.78,48.82,39.7
12.11,15.86,6.79,48.94,39.87
11.98,15.97,7.01,49.07,40.26
11.93,16.19,6.83,48.67,39.74
11.97,15.99,6.79,48.79,39.84
11.85,16.19,6.89,48.77,39.78
11.85,15.94,6.77,48.63,39.65
12.04,16.04,6.93,48.69,39.81
11.95,16.18,6.86,48.99,40.0
11.92,16.24,6.88,49.08,39.76
11.94,16.11,6.81,48.85,39.97
11.95,16.05,6.91,49.34,39.77
11.96,15.92,6.87,48.89,39.66
11.94,16.08,6.8,49.05,39.9
11.91,15.99,6.99,49.23,39.82
11.98,16.05,6.79,48.99,39.61
12.14,15.99,6.84,49.16,39.77
11.81,15.96,6.87,48.79,39.6
12.07,16.06,6.83,48.99,39.74
11.96,16.09,6.86,49.06,39.86
11.96,15.95,6.95,49.02,39.95
12.01,16.06,6.78,49.57,40.19
11.82,16.06,6.82,48.98,39.95
12.01,16.08,6.85,49.09,40.52
11.95,16.09,6.79,48.85,39.87
11.77,15.99,6.92,49.09,39.95
12.06,15.93,6.79,48.98,39.93
11.93,16.0,6.92,48.93,39.81
11.92,16.01,6.87,48.93,39.68
12.07,15.89,6.89,49.51,39.73
11.98,16.0,6.89,48.89,39.91
11.93,15.95,6.75,48.87,40.01
11.94,16.13,6.87,48.84,39.85
11.88,16.1,6.84,48.93,39.69
11.95,16.02,6.93,48.98,39.68
11.92,16.07,6.91,48.92,39.92
11.94,16.03,6.99,49.01,39.99
11.84,15.89,6.92,48.84,39.78
11.95,16.11,6.92,49.32,39.87
11.91,15.96,6.94,48.94,40.09
11.91,15.91,6.95,49.04,39.81
12.03,16.1,6.78,48.94,39.62
12.21,15.83,6.98,50.94,39.94
11.94,16.01,6.82,48.95,39.88
11.97,16.0,6.81,49.23,39.8
11.9,15.86,6.92,49.16,39.76
12.22,15.99,6.81,48.84,39.78
11.99,15.98,7.33,48.97,39.82
11.79,15.95,6.95,49.0,39.85
12.03,15.87,6.78,48.87,39.73
11.92,15.88,6.9,49.02,39.77
12.39,15.94,6.9,48.95,39.74
12.06,15.81,6.76,49.56,39.88
11.95,15.88,6.87,48.92,39.63
12.03,15.96,6.9,49.47,39.53
11.94,16.15,6.93,48.98,39.9
11.95,16.0,6.89,48.84,39.55
11.95,16.08,6.78,49.23,39.69
11.95,15.91,6.76,49.05,39.59
11.98,15.91,6.88,48.75,39.78
11.96,15.99,6.79,48.65,39.7
11.92,16.14,6.89,48.79,39.57
11.97,15.95,6.86,48.68,39.49
11.95,15.93,6.87,48.93,39.62
12.0,16.1,6.85,48.75,39.46
11.79,15.89,6.9,49.32,39.65
12.01,15.93,6.92,48.89,39.59
11.91,15.91,6.78,48.85,39.61
11.75,15.89,6.93,48.61,39.59
11.92,15.9,6.89,48.61,39.52
11.93,16.09,6.81,48.81,39.43
11.99,16.12,6.8,48.63,40.03
12.01,16.05,6.89,49.04,39.65
11.93,15.98,6.78,48.72,39.66
12.06,16.02,6.89,48.88,39.64
11.81,15.96,6.97,49.77,39.47
11.97,16.09,6.75,48.98,39.63
11.94,15.83,6.86,49.32,39.53
11.99,15.97,6.76,51.5,39.91
11.99,16.11,6.83,50.93,39.54
11.97,15.97,6.83,49.16,39.64
12.17,16.15,6.81,48.75,39.82
11.98,16.04,6.86,48.65,39.61
11.95,15.83,6.88,48.59,39.54
11.98,15.98,6.79,48.76,39.5
11.9,15.99,6.79,48.88,39.54
11.91,16.01,6.82,48.81,39.69
11.89,15.87,6.72,48.7,39.54
11.95,15.77,6.87,48.8,39.55
11.89,16.03,6.82,48.76,39.6
11.98,15.93,6.86,48.82,39.56
12.02,15.92,6.89,48.96,39.81
12.07,15.8,6.9,48.89,39.63
11.83,15.98,6.85,48.81,39.8
11.88,16.28,6.94,48.86,39.54
11.98,15.85,6.88,48.83,39.53
11.95,15.92,6.74,49.35,39.51
11.95,15.94,6.87,48.76,39.56
12.06,15.82,6.81,48.82,40.05
11.93,16.05,7.18,48.92,39.89
11.92,15.84,6.87,49.14,39.63
11.95,15.96,6.8,48.65,39.64
11.91,16.01,6.88,48.84,39.36
11.95,15.97,6.97,48.79,39.87
11.83,15.89,6.75,48.81,39.55
11.91,16.13,6.85,49.02,39.55
11.77,16.01,6.93,50.48,39.64
11.86,15.88,6.78,49.05,39.53
11.98,15.76,6.81,172.5,39.57
11.79,16.06,7.03,63.85,39.83
11.92,15.77,6.89,54.18,39.52
12.1,15.95,6.97,49.33,39.6
11.91,15.87,6.96,48.62,39.45
12.04,15.84,6.75,47.81,39.47
11.97,16.09,6.86,47.67,39.68
12.19,15.98,6.8,47.78,39.68
11.96,15.94,6.9,47.74,39.66
12.01,16.0,6.82,47.73,39.61
11.82,15.81,6.98,47.7,39.57
11.91,16.03,6.95,48.25,39.5
11.91,15.96,6.8,48.46,39.61
11.95,15.79,6.91,47.86,39.52
11.83,16.14,6.78,47.81,39.51
11.84,15.96,6.83,47.96,39.62
12.25,15.88,6.79,47.77,39.46
11.86,16.02,6.83,47.8,39.59
11.87,15.9,6.76,47.77,39.6
11.92,15.95,6.83,47.87,39.77
11.81,15.85,6.92,48.01,40.0
12.02,16.02,6.8,47.77,39.91
11.93,15.92,6.84,47.95,39.36
11.95,15.97,6.77,47.94,39.43
11.88,15.95,6.8,47.95,39.76
11.99,16.52,6.85,48.11,40.24
11.92,16.08,6.92,47.98,39.72
12.01,15.94,6.82,48.38,39.67
11.96,15.99,6.86,47.99,39.81
11.96,16.03,6.83,48.25,39.9
11.83,15.81,6.93,48.13,40.01
11.88,16.1,6.75,48.3,39.72
11.94,16.05,6.86,48.79,39.98
11.99,16.09,6.76,48.06,39.75
11.96,15.87,7.01,48.35,39.73
11.87,15.94,6.91,48.17,39.92
11.88,15.92,6.83,48.81,39.87
11.94,15.86,6.87,47.91,39.86
11.78,15.91,7.0,48.51,39.84
11.95,16.06,6.79,48.08,39.89
11.85,15.82,6.92,48.36,39.57
11.95,16.05,7.01,48.04,39.72
11.84,16.02,6.88,48.1,39.76
11.86,15.96,6.87,48.14,40.45
11.96,15.95,6.78,48.14,40.37
11.79,15.81,6.89,47.72,39.84
11.96,16.14,6.82,49.11,39.74
11.87,15.84,6.94,48.38,39.79
11.94,15.83,6.77,49.01,39.64
11.84,16.13,6.93,50.62,39.83
12.05,15.81,6.94,52.94,39.8
11.8,16.29,6.8,54.23,40.02
11.96,15.89,6.85,54.4,39.76
11.89,16.06,6.94,54.06,39.82
11.87,15.96,6.89,54.31,39.91
11.94,16.04,6.79,54.02,39.87
11.88,15.85,7.08,53.59,39.74
12.57,15.84,6.81,53.87,39.83
11.72,15.93,6.81,54.0,39.99
12.04,16.1,7.03,53.61,39.84
11.94,15.87,6.76,54.25,39.8
11.91,15.97,6.86,54.4,39.85
12.07,15.99,6.83,54.64,40.29
11.95,15.85,6.8,54.27,40.44
12.03,16.26,6.93,54.74,40.46
11.95,15.91,6.79,55.36,40.77
11.89,16.02,6.92,54.69,40.47
12.03,15.89,6.9,54.47,40.51
11.96,15.86,6.93,54.13,40.5
11.94,16.21,6.85,49.79,40.63
11.85,16.09,6.89,49.01,40.45
11.88,15.98,6.8,48.22,40.46
11.89,16.05,6.86,48.37,40.59
11.97,16.2,6.76,48.06,40.52
12.0,16.24,6.87,48.51,40.5
11.88,16.18,6.76,49.2,40.52
11.93,16.01,6.9,48.41,40.5
12.08,16.18,6.77,48.3,40.83
11.93,15.95,6.87,48.65,40.55
11.96,16.09,6.84,48.12,40.61
11.9,16.18,6.89,48.74,40.46
11.86,15.92,6.81,48.43,40.45
11.89,16.09,6.83,48.65,40.43
11.93,16.02,6.83,48.25,40.53
11.94,16.13,6.84,48.9,40.38
11.87,16.07,6.8,48.8,40.34
11.74,16.09,6.82,48.21,40.44
12.04,16.34,6.81,48.63,40.38
11.79,16.74,6.86,48.71,40.69
11.84,16.62,6.78,48.44,40.73
12.39,16.68,6.97,48.33,40.36
11.81,16.68,6.77,48.34,40.4
11.81,16.9,6.84,48.54,40.47
11.95,16.39,6.92,49.01,41.47
12.4,16.32,6.85,48.58,41.81
11.88,16.5,6.9,48.42,41.75
11.89,16.75,6.79,48.69,41.74
11.82,16.71,6.93,48.61,41.84
11.9,16.74,6.79,49.1,41.78
11.96,16.72,6.85,48.6,41.82
11.86,16.64,6.79,48.31,41.8
11.86,16.39,6.88,49.39,41.75
11.98,16.75,6.78,48.53,41.74
11.96,16.7,6.85,48.42,42.02
11.75,16.68,6.85,48.35,41.85
12.0,16.74,7.07,48.47,41.8
11.89,16.57,6.78,48.51,41.8
11.72,16.47,6.89,48.69,41.89
12.03,16.26,7.08,48.59,41.82
11.9,16.23,6.76,48.59,41.8
12.14,16.87,6.86,48.36,41.93
11.91,16.34,6.94,48.2,41.85
11.98,16.33,6.83,48.31,41.85
11.97,16.16,6.77,48.5,41.82
11.79,16.66,7.06,48.4,41.86
11.92,16.1,6.84,48.15,41.92
11.87,16.12,6.98,48.53,41.78
11.89,16.02,6.91,48.63,41.72
11.8,16.11,6.99,48.72,41.81
11.92,16.14,6.92,48.76,41.83
11.9,16.39,6.81,48.74,41.82
11.94,15.92,6.88,48.8,41.87
11.92,16.05,6.83,48.49,41.75
12.01,16.09,6.83,48.6,41.73
12.02,16.05,6.9,49.15,42.24
11.78,16.67,6.78,48.53,42.01
11.99,18.7,6.79,49.16,41.75
11.84,16.16,6.89,49.27,42.3
11.85,16.66,6.94,48.43,41.91
12.02,16.13,6.86,49.21,42.38
11.95,16.0,6.89,48.89,41.8
11.92,15.99,6.82,48.85,41.75
11.95,16.13,6.9,48.57,41.82
11.79,16.04,6.9,48.53,41.81
11.88,16.55,6.86,48.69,41.8
11.81,16.97,7.0,48.56,41.76
11.92,17.3,6.77,48.53,42.02
11.89,16.16,6.8,49.01,41.74
11.87,15.94,6.84,48.76,41.78
11.9,16.0,6.8,48.88,41.76
11.81,15.93,6.91,51.79,41.91
11.8,15.91,6.98,52.66,42.2
11.96,16.14,6.83,52.68,42.26
11.87,16.09,7.02,53.27,42.17
11.86,16.12,6.84,52.68,42.37
11.94,16.02,6.89,52.83,42.56
11.99,15.92,6.94,52.59,42.69
11.89,16.03,6.78,52.75,42.15
12.02,16.14,6.99,49.81,42.32
11.96,16.08,6.93,49.76,42.3
11.8,16.06,6.81,49.24,42.78
11.96,15.96,6.96,236931.94,41.82
11.73,15.92,6.87,49.03,42.62
11.91,16.04,6.85,49.17,42.27
11.94,15.93,6.97,49.22,42.5
11.76,16.02,6.85,49.33,42.33
12.02,16.02,6.98,48.73,42.33
11.93,15.99,7.01,48.58,42.7
12.11,15.96,6.88,50.03,42.29
11.82,16.05,6.89,49.53,42.61
11.95,16.14,6.97,51.05,41.86
11.93,16.08,6.92,52.27,42.65
11.83,16.04,6.84,51.35,42.29
11.95,16.04,6.9,49.02,42.29
11.81,15.89,6.94,49.23,42.35
11.94,16.11,6.91,49.0,43.14
11.87,15.91,6.95,49.31,42.29
11.96,16.11,6.96,48.85,42.23
11.9,16.27,6.96,49.0,42.79
11.91,16.1,7.07,48.62,42.22
12.12,15.92,6.78,48.92,42.67
11.91,15.91,6.88,49.14,42.46
12.03,15.97,6.93,51.76,42.76
11.88,16.18,6.81,52.82,41.82
11.95,16.0,6.81,52.86,42.73
11.84,15.97,6.95,52.38,42.23
11.71,15.99,6.81,53.19,42.32
11.99,16.02,6.76,52.73,43.04
11.92,16.12,6.99,52.66,42.15
11.92,16.07,6.8,51.61,42.92
11.79,16.58,6.8,48.67,42.22
11.87,15.94,6.8,48.79,42.26
12.04,15.95,6.85,48.66,42.52
11.95,16.13,6.81,48.6,42.75
11.8,15.93,6.87,49.15,42.39
12.11,16.07,6.87,48.54,42.28
11.86,16.54,6.91,52.24,42.72
11.96,16.08,6.81,52.0,42.16
11.99,15.94,6.87,51.47,42.26
11.99,15.94,6.85,51.73,42.33
11.91,16.07,6.83,49.71,42.65
12.02,16.04,6.92,50.04,42.21
12.01,15.99,6.95,48.85,42.79
11.9,16.09,6.88,48.62,41.76
12.01,16.01,6.88,48.43,42.78
12.01,16.03,6.87,48.51,42.28
11.93,16.13,6.84,48.68,42.31
11.86,16.0,7.06,48.7,42.41
12.12,16.03,6.89,49.23,42.56
11.96,15.95,6.95,48.49,42.29
11.78,16.39,6.88,49.25,42.95
12.02,16.06,6.89,49.05,42.23
11.94,16.02,6.8,48.96,42.24
11.88,16.12,6.94,48.73,42.62
12.0,16.02,6.88,48.66,42.28
11.94,16.08,6.96,48.39,42.25
11.93,16.12,6.89,48.56,42.24
11.84,15.9,6.86,48.8,42.78
11.98,16.07,6.9,48.6,41.9
11.98,16.02,6.89,48.56,42.61
11.96,16.05,6.87,48.55,42.18
12.01,16.17,6.95,48.95,42.22
11.85,15.96,6.9,48.42,42.3
11.96,16.01,6.89,48.41,42.28
11.93,16.0,6.94,48.43,42.23
11.84,15.88,6.94,48.66,42.28
12.03,16.12,6.87,48.64,42.89
11.93,16.08,6.97,48.8,41.78
11.96,15.95,6.94,49.17,42.59
11.9,15.87,6.82,48.41,41.78
11.95,16.03,6.94,49.24,42.62
11.98,16.28,6.83,49.43,41.9
11.79,16.0,6.85,51.41,42.29
12.0,16.01,6.84,51.87,42.22
11.79,16.28,7.0,48.71,42.47
11.99,15.86,6.87,48.33,41.81
11.95,16.11,6.86,48.73,42.27
11.88,16.07,7.06,48.65,42.26
11.83,16.09,6.82,48.5,42.14
11.93,16.07,6.97,48.38,42.25
11.93,16.01,6.89,48.48,41.86
11.83,16.13,6.92,48.64,42.76
11.97,15.85,6.87,48.57,41.81
11.94,15.81,7.05,48.64,42.15
11.92,15.97,6.92,48.28,41.79
12.0,16.04,6.82,49.27,42.67
11.93,16.09,7.0,48.71,41.81
12.02,16.29,6.83,48.47,42.18
11.97,15.89,6.91,48.75,41.84
12.03,16.05,7.03,48.52,42.24
12.12,15.77,6.79,48.4,41.88
11.9,16.22,6.95,48.88,42.26
11.99,16.03,6.96,48.97,41.75
11.92,16.07,6.95,49.05,42.14
11.94,16.33,6.92,49.0,42.2
11.88,16.03,7.02,48.74,42.31
11.96,16.04,6.89,49.01,41.9
12.07,15.96,6.84,48.72,42.8
11.99,15.97,6.94,48.98,42.03
11.88,16.07,6.88,48.93,41.99
11.98,16.18,6.88,48.79,42.16
11.87,16.02,7.02,48.97,41.75
11.96,15.96,6.88,48.63,42.69
11.96,15.85,6.94,48.55,42.44
12.08,16.04,7.04,48.96,42.96
11.95,15.95,6.82,49.07,42.3
12.01,16.05,6.93,48.94,42.28
12.04,15.96,6.88,48.75,41.7
11.84,16.59,6.89,49.29,42.36
11.94,15.95,6.77,49.57,41.86
12.02,16.03,7.48,49.06,42.24
11.85,15.99,6.8,49.14,41.85
12.2,16.02,6.92,49.1,42.23
12.04,15.96,6.88,48.58,42.12
11.91,16.04,6.84,49.28,42.21
11.86,15.89,6.88,48.68,41.86
12.04,15.95,6.76,49.22,41.72
11.98,15.88,6.85,49.16,41.76
11.86,15.88,6.91,48.92,41.8
11.92,15.97,6.93,48.96,42.18
11.91,15.95,6.91,48.62,41.71
12.02,15.96,6.9,48.96,41.83
11.79,16.08,6.77,48.85,42.38
11.93,16.02,6.92,48.7,42.19
11.97,16.01,6.88,49.05,41.89
11.92,15.87,6.8,48.8,41.73
11.95,15.85,7.0,48.92,41.83
11.89,15.92,6.85,48.95,42.15
11.88,15.88,6.95,48.89,41.8
12.03,16.11,6.93,48.72,41.85
11.95,15.84,6.85,48.99,41.92
12.12,16.52,6.8,49.5,42.22
11.93,15.89,6.93,49.57,41.99
11.77,15.95,6.76,49.13,42.36
11.93,15.98,6.92,48.98,42.14
12.01,15.81,6.88,49.14,42.4
11.97,16.13,6.8,49.11,42.17
12.01,15.93,6.95,48.93,41.87
12.07,15.97,6.95,48.77,42.23
11.97,16.13,6.96,48.84,42.2
12.08,16.05,6.8,49.6,41.78
11.84,15.98,6.91,49.03,42.38
12.02,16.05,6.77,49.42,41.79
12.28,16.03,6.86,48.81,42.23
11.96,15.96,7.01,48.99,41.78
12.0,16.07,6.94,48.93,42.26
11.97,15.95,6.93,49.16,41.8
11.94,15.95,6.97,48.9,41.8
11.95,15.95,6.84,48.89,41.81
12.02,16.03,6.86,48.84,42.31
11.83,16.04,6.96,48.92,41.77
11.8,15.9,6.86,48.69,41.87
11.86,16.04,7.12,49.09,41.8
11.89,15.87,6.96,49.38,41.8
11.87,16.02,6.86,48.81,42.05
11.92,15.97,6.83,49.37,41.75
11.93,16.07,6.98,48.92,41.83
12.02,16.0,6.8,48.94,42.32
11.95,16.04,6.85,48.75,41.86
11.95,16.09,6.93,49.01,41.76
12.0,15.81,6.92,48.75,41.78
11.9,16.01,6.88,48.9,42.07
12.02,16.11,6.95,49.25,42.28
12.05,16.02,6.85,48.62,41.74
12.02,16.08,6.92,48.54,41.83
11.87,15.92,6.87,48.8,41.79
12.02,15.86,6.86,48.73,41.8
12.06,16.04,6.93,48.59,41.77
11.94,15.97,6.95,48.49,41.87
12.13,15.92,6.84,48.7,41.82
11.93,15.87,6.91,48.68,42.33
11.94,15.93,6.85,48.6,41.82
11.98,16.03,6.89,48.73,41.83
11.95,15.86,6.88,48.6,41.72
11.99,15.94,6.78,48.84,41.8
11.95,16.11,6.92,48.39,42.23
11.93,16.23,6.9,48.6,41.77
11.95,16.26,6.92,48.94,41.86
11.95,16.02,6.88,48.59,41.8
11.88,16.24,6.86,51.7,41.78
11.92,16.11,6.96,48.83,41.73
11.96,15.99,6.83,49.79,41.92
11.79,16.03,6.95,49.14,41.75
12.07,15.94,6.86,48.92,41.84
12.1,15.94,6.78,53.45,41.73
11.88,15.99,6.86,48.54,41.76
11.97,15.89,6.79,49.03,41.77
11.98,16.04,6.95,49.35,41.78
11.98,15.94,6.85,48.92,41.73
11.92,15.93,6.81,48.83,41.75
11.94,15.87,7.0,48.41,41.75
11.94,15.95,6.82,49.43,41.85
12.02,15.9,6.93,48.68,41.7
11.87,16.0,7.47,48.51,41.73
11.94,15.96,6.84,48.63,41.89
12.09,15.99,6.89,48.36,42.04
12.01,16.0,6.88,48.7,41.8
12.22,16.49,6.91,48.87,41.84
11.95,15.81,6.89,49.04,41.9
11.83,15.82,6.87,48.84,41.84
11.94,15.98,6.95,48.8,41.82
11.95,16.1,6.78,48.69,41.86
11.92,16.03,6.95,49.02,41.89
11.96,15.86,6.81,48.5,41.84
11.78,16.0,6.96,49.14,41.81
11.98,16.0,6.96,48.91,41.78
11.82,16.24,6.87,49.15,41.85
11.97,15.95,6.95,49.13,41.8
11.94,15.99,6.95,48.79,42.03
11.94,16.02,6.81,48.64,41.73
11.91,16.1,6.91,48.54,41.77
12.01,16.03,6.99,48.8,41.97
12.01,16.13,6.9,48.64,41.75
12.08,15.85,6.84,48.8,41.69
11.9,15.8,6.96,48.78,41.72
12.04,16.02,6.83,49.84,41.97
11.91,15.88,6.88,53.66,41.74
11.93,16.04,7.03,48.56,41.75
11.81,16.04,6.88,49.64,41.75
11.99,15.96,6.84,50.8,41.79
11.83,15.98,7.01,49.44,41.74
12.01,15.92,6.85,51.34,41.77
11.86,16.03,7.0,48.9,41.82
12.01,15.89,7.05,49.53,41.88
11.95,15.97,6.94,49.68,41.76
11.86,15.96,7.09,50.02,42.51
12.04,16.02,6.94,51.52,41.81
11.95,15.82,6.91,52.7,42.58
11.97,16.11,6.95,52.52,41.83
12.21,15.9,6.93,53.21,42.14
11.91,16.04,6.83,52.33,41.8
11.95,16.02,6.78,52.48,41.78
11.9,15.86,6.8,52.33,41.74
11.77,16.02,6.92,50.79,41.82
11.87,15.97,6.78,49.45,40.93
11.85,16.05,6.83,48.97,40.86
11.87,15.93,6.89,50.13,40.32
11.85,15.93,6.82,52.33,40.23
11.88,15.96,6.87,50.19,40.31
11.93,15.95,6.94,49.66,40.35
11.83,15.88,6.92,49.23,40.35
11.91,15.99,6.85,49.13,40.53
11.76,16.02,6.91,48.9,40.48
11.72,15.96,6.94,49.09,40.43
11.88,15.96,7.21,48.98,40.39
11.77,16.0,6.88,49.39,40.26
11.86,15.86,6.94,48.77,40.33
11.88,15.9,6.89,49.09,40.27
11.91,16.06,6.9,49.5,40.37
11.83,16.05,6.84,49.05,40.48
11.84,16.17,6.81,48.91,40.42
11.8,16.12,6.9,49.45,40.44
11.82,16.02,6.83,49.32,40.83
11.88,16.08,6.87,49.37,40.5
11.9,16.05,6.86,49.1,40.38
11.85,15.97,6.86,49.36,41.42
11.86,15.98,6.79,48.92,40.32
11.83,15.86,6.91,48.99,40.68
11.74,16.01,6.82,49.06,40.38
12.0,16.02,6.84,49.08,40.34
11.84,16.25,6.83,49.28,41.09
11.84,16.06,6.92,48.97,40.33
11.99,16.06,6.78,48.95,40.33
11.91,16.06,7.05,48.72,40.69
11.72,16.59,6.78,49.07,40.4
11.78,15.98,6.84,49.26,40.33
11.85,16.14,6.93,49.03,40.45
11.83,16.12,6.83,49.28,40.35
11.89,15.99,7.01,49.09,40.34
11.96,16.05,7.16,48.97,40.66
12.42,15.89,7.1,50.57,40.34
11.88,16.02,6.98,53.73,40.27
11.75,16.08,7.28,54.08,40.38
11.98,16.11,7.0,53.8,40.32
11.94,15.99,7.47,53.63,40.36
11.9,15.96,6.98,53.95,40.39
11.85,15.93,6.93,53.58,40.31
11.98,16.02,6.82,49.09,40.33
11.87,16.11,6.85,48.66,40.43
11.9,15.94,6.84,48.6,40.25
11.82,16.05,6.77,48.81,41.03
11.9,15.99,6.92,48.52,40.24
11.95,16.02,6.83,52.46,40.32
11.93,16.13,6.89,52.67,40.34
11.86,15.99,6.95,48.68,40.43
11.88,16.02,6.91,48.87,40.15
11.78,16.16,6.76,48.88,40.07
11.96,16.08,6.96,49.74,40.03
11.76,16.02,6.84,48.74,39.94
11.91,15.98,6.78,48.76,40.33
11.8,15.97,6.98,49.11,40.19
11.93,16.0,6.89,48.94,41.41
11.85,16.02,6.8,48.88,41.35
11.97,16.1,7.02,48.73,40.98
11.96,16.27,7.0,48.85,40.39
12.34,15.85,6.91,48.7,39.72
11.93,16.02,6.78,48.8,39.71
11.78,16.08,6.9,48.78,39.71
11.97,16.11,6.91,52.14,39.93
11.88,16.03,6.96,49.06,39.62
11.95,16.08,6.91,49.06,39.88
12.03,16.21,6.77,48.72,39.81
11.88,16.04,6.98,48.78,39.85
11.88,16.05,6.77,48.85,39.71
11.88,16.15,7.11,49.86,40.13
11.92,16.04,6.88,50.72,39.78
12.11,15.97,6.78,48.7,39.8
11.93,16.12,6.78,48.61,39.81
11.81,16.14,6.94,48.72,39.82
11.82,16.1,6.86,48.86,39.78
11.89,16.07,6.85,48.89,39.75
11.74,16.19,6.88,48.73,39.69
